{
    "simulation_info": {
        "simul_name_base": "before_changing_prompt_",
        "Tier": 3,
        "repetition_counts": 8,
        "total_samples": 8
    },
    "test_1_AI_vs_zero": {
        "hypothesis": {
            "H0": "μ = 0",
            "H1": "μ > 0"
        },
        "statistics": {
            "mean": -0.003009663202409899,
            "std": 0.007143907687137271,
            "sample_size": 8,
            "t_statistic": -1.191590570714365,
            "p_value": 0.863874759159519
        },
        "result": {
            "reject_H0": false,
            "conclusion": "통계적으로 유의하지 않음"
        }
    },
    "test_2_AI_vs_MVO": {
        "hypothesis": {
            "H0": "μ_AI - μ_MVO = 0",
            "H1": "μ_AI - μ_MVO > 0"
        },
        "statistics": {
            "AI_mean": -0.003009663202409899,
            "MVO_mean": -0.00031145398271247016,
            "excess_return_mean": -0.0026982092196974287,
            "excess_return_std": 0.007143907687137271,
            "sample_size": 8,
            "t_statistic": -1.068279221884886,
            "p_value": 0.8395778870155176
        },
        "result": {
            "reject_H0": false,
            "conclusion": "통계적으로 유의하지 않음"
        }
    }
}